-- Usuário = {TAG, NOME, FOTO_PERFIL, BIO, EMAIL, SENHA, GENERO, DATA_NASC, ROCKPOINTS, CIDADE, ESTADO, PAIS, EH_CRITICO, EH_ADMINISTRADOR}
INSERT INTO USUARIO (TAG, NOME, FOTO_PERFIL, BIO, EMAIL, SENHA, GENERO, DATA_NASC, ROCKPOINTS, CIDADE, ESTADO, PAIS, EH_CRITICO, EH_ADMINISTRADOR) VALUES ('ocramoi', 'Marco Antonio', 'https://www.kiniart.com/wp-content/uploads/2021/02/21_BernieMittens_Dogs_72a2-300x300.jpg', 'Soyoz Nyerooshimiy Ryespooblik svobodnikh', 'ocramoi@usp.br', 'senhasupersegura', 'o', TO_DATE('2001/01/25 16:00:00', 'YYYY/MM/DD HH24:MI:SS'), 1500, 'bauru', 'SP', 'BRA', TRUE, TRUE);
INSERT INTO USUARIO (TAG, NOME, FOTO_PERFIL, BIO, EMAIL, SENHA, GENERO, DATA_NASC, ROCKPOINTS, CIDADE, ESTADO, PAIS, EH_CRITICO, EH_ADMINISTRADOR) VALUES ('skywer', 'Milena Correa', 'https://i.pinimg.com/280x280_RS/65/e2/09/65e209ec36ee2392377908a3d28c43a3.jpg', 'habatai ta la', 'milena@usp.br', 'mihcotina', 'f', TO_DATE('2002/09/06 01:00:00', 'YYYY/MM/DD HH24:MI:SS'), 1337, 'tres rios', 'RJ', 'BRA', TRUE, FALSE);
INSERT INTO USUARIO (TAG, NOME, FOTO_PERFIL, BIO, EMAIL, SENHA, GENERO, DATA_NASC, ROCKPOINTS, CIDADE, ESTADO, PAIS, EH_CRITICO, EH_ADMINISTRADOR) VALUES ('random', 'Fernando Generich', 'http://pm1.narvii.com/6363/42f5e5f566c46f5b42bed6e3756e289578eb4a76_00.jpg', 'add no pogo', 'random@usp.br', 'DUZENTOS', 'm', TO_DATE('2001/02/16 13:00:00', 'YYYY/MM/DD HH24:MI:SS'), 1234, 'ibirarema', 'SP', 'BRA', FALSE, TRUE);
INSERT INTO USUARIO (TAG, NOME, FOTO_PERFIL, BIO, EMAIL, SENHA, GENERO, DATA_NASC, ROCKPOINTS, CIDADE, ESTADO, PAIS, EH_CRITICO, EH_ADMINISTRADOR) VALUES ('skylyier', 'Victor Henrique', 'https://pbs.twimg.com/media/ERwij79U0AAFFn-.jpg', 'Com grande poderes', 'victor.hss@usp.br', 'batata', 'm', TO_DATE('1999/08/06 21:00:00', 'YYYY/MM/DD HH24:MI:SS'), 10, 'osasco', 'SP', 'BRA', FALSE, FALSE);
INSERT INTO USUARIO (TAG, NOME, FOTO_PERFIL, BIO, EMAIL, SENHA, GENERO, DATA_NASC, ROCKPOINTS, CIDADE, ESTADO, PAIS, EH_CRITICO, EH_ADMINISTRADOR) VALUES ('lightclawn', 'Diógenes Pedro', 'https://i.pinimg.com/736x/b9/ae/86/b9ae8625cac70903db98382d3d3492be.jpg', 'NEEEEEZUKO-CHAAAAAAAN', 'diogenes@usp.br', 'f', 'm', TO_DATE('2000/07/06 08:06:00', 'YYYY/MM/DD HH24:MI:SS'), 9823123, 'bauru', 'SP', 'BRA', TRUE, FALSE);

-- Segue = {TAG_USUARIO1, TAG_USUARIO2, TIMESTAMP}
INSERT INTO SEGUE (TAG_USUARIO1, TAG_USUARIO2, TIMESTAMP) VALUES ('skylyier', 'lightclawn', DEFAULT);
INSERT INTO SEGUE (TAG_USUARIO1, TAG_USUARIO2, TIMESTAMP) VALUES ('skylyier', 'skywer', DEFAULT);
INSERT INTO SEGUE (TAG_USUARIO1, TAG_USUARIO2, TIMESTAMP) VALUES ('skylyier', 'random', DEFAULT);
INSERT INTO SEGUE (TAG_USUARIO1, TAG_USUARIO2, TIMESTAMP) VALUES ('skylyier', 'ocramoi', DEFAULT);
INSERT INTO SEGUE (TAG_USUARIO1, TAG_USUARIO2, TIMESTAMP) VALUES ('ocramoi', 'skywer', DEFAULT);
INSERT INTO SEGUE (TAG_USUARIO1, TAG_USUARIO2, TIMESTAMP) VALUES ('ocramoi', 'skylyier', DEFAULT);
INSERT INTO SEGUE (TAG_USUARIO1, TAG_USUARIO2, TIMESTAMP) VALUES ('ocramoi', 'random', DEFAULT);
INSERT INTO SEGUE (TAG_USUARIO1, TAG_USUARIO2, TIMESTAMP) VALUES ('ocramoi', 'lightclawn', DEFAULT);
INSERT INTO SEGUE (TAG_USUARIO1, TAG_USUARIO2, TIMESTAMP) VALUES ('random', 'ocramoi', DEFAULT);
INSERT INTO SEGUE (TAG_USUARIO1, TAG_USUARIO2, TIMESTAMP) VALUES ('random', 'lightclawn', DEFAULT);
INSERT INTO SEGUE (TAG_USUARIO1, TAG_USUARIO2, TIMESTAMP) VALUES ('random', 'skywer', DEFAULT);
INSERT INTO SEGUE (TAG_USUARIO1, TAG_USUARIO2, TIMESTAMP) VALUES ('random', 'skylyier', DEFAULT);
INSERT INTO SEGUE (TAG_USUARIO1, TAG_USUARIO2, TIMESTAMP) VALUES ('skywer', 'skylyier', DEFAULT);
INSERT INTO SEGUE (TAG_USUARIO1, TAG_USUARIO2, TIMESTAMP) VALUES ('skywer', 'ocramoi', DEFAULT);
INSERT INTO SEGUE (TAG_USUARIO1, TAG_USUARIO2, TIMESTAMP) VALUES ('skywer', 'lightclawn', DEFAULT);
INSERT INTO SEGUE (TAG_USUARIO1, TAG_USUARIO2, TIMESTAMP) VALUES ('skywer', 'random', DEFAULT);
INSERT INTO SEGUE (TAG_USUARIO1, TAG_USUARIO2, TIMESTAMP) VALUES ('lightclawn', 'random', DEFAULT);
INSERT INTO SEGUE (TAG_USUARIO1, TAG_USUARIO2, TIMESTAMP) VALUES ('lightclawn', 'skylyier', DEFAULT);
INSERT INTO SEGUE (TAG_USUARIO1, TAG_USUARIO2, TIMESTAMP) VALUES ('lightclawn', 'skywer', DEFAULT);
INSERT INTO SEGUE (TAG_USUARIO1, TAG_USUARIO2, TIMESTAMP) VALUES ('lightclawn', 'ocramoi', DEFAULT);

-- Album = {ID_SPOTIFY, NOME, CAPA, ANO, DURACAO}
INSERT INTO ALBUM (ID_SPOTIFY, NOME, CAPA, ANO, DURACAO) VALUES ('1T2rIUuBCtFB8txD7WqD3B', 'San Andreas', 'https://t.ctcdn.com.br/wEzKN7s8WrKF-gUk1Ueiqrpnp5Y=/512x288/smart/filters:format(webp)/i368468.png', TO_DATE('2016/10/27 12:00:00', 'YYYY/MM/DD HH24:MI:SS'), 12);
INSERT INTO ALBUM (ID_SPOTIFY, NOME, CAPA, ANO, DURACAO) VALUES ('1ySR0W1hHxPDKCBWdvzRvc', 'Nevermind (Deluxe Edition)', 'https://upload.wikimedia.org/wikipedia/pt/3/3f/Nevermind.jpg', TO_DATE('1991/07/24 12:00:00', 'YYYY/MM/DD HH24:MI:SS'), 147); 
INSERT INTO ALBUM (ID_SPOTIFY, NOME, CAPA, ANO, DURACAO) VALUES ('2tukc7pH4qTuXcfaHjLIBc', 'ABC', 'https://www.vagalume.com.br/jackson-5/discografia/abc.jpg', TO_DATE('1970/05/08 12:00:00', 'YYYY/MM/DD HH24:MI:SS'), 37); 
INSERT INTO ALBUM (ID_SPOTIFY, NOME, CAPA, ANO, DURACAO) VALUES ('7q2B4M5EiBkqrlsNW8lB7N', '2001', 'https://upload.wikimedia.org/wikipedia/pt/8/84/Dr._Dre_-_2001.jpg', TO_DATE('1999/11/16 12:00:00', 'YYYY/MM/DD HH24:MI:SS'), 68);
INSERT INTO ALBUM (ID_SPOTIFY, NOME, CAPA, ANO, DURACAO) VALUES ('58NXIEYqmq5dQHg9nV9duM', 'Dirt', 'https://roadie-metal.com/wp-content/uploads/2019/11/alice-in-chains.jpg', TO_DATE('1992/07/29 12:00:00', 'YYYY/MM/DD HH24:MI:SS'), 58);
INSERT INTO ALBUM (ID_SPOTIFY, NOME, CAPA, ANO, DURACAO) VALUES ('6kZ42qRrzov54LcAk4onW9', 'Red (Taylor''s Version)', 'https://pbs.twimg.com/media/FDs81FFXoAYU4o1.jpg', TO_DATE('2021/11/12 12:00:00', 'YYYY/MM/DD HH24:MI:SS'), 130);

-- Artista = {ID_SPOTIFY, NOME, FOTO, POPULARIDADE}
INSERT INTO ARTISTA (ID_SPOTIFY, NOME, FOTO, POPULARIDADE) VALUES ('6olE6TJLqED3rqDCT0FyPh', 'Nirvana', 'https://i.scdn.co/image/a4e10b79a642e9891383448cbf37d7266a6883d6', 10);
INSERT INTO ARTISTA (ID_SPOTIFY, NOME, FOTO, POPULARIDADE) VALUES ('2iE18Oxc8YSumAU232n4rW', 'The Jackson Five', 'https://cdns-images.dzcdn.net/images/artist/2e5ab9758b5e69a147d226d9f1c61108/500x500.jpg', 12);
INSERT INTO ARTISTA (ID_SPOTIFY, NOME, FOTO, POPULARIDADE) VALUES ('1DX1cbeKQkRJClf4TMmXIn', 'Groove Delight', 'https://media.resources.festicket.com/www/artists/GrooveDelight.png', 8);
INSERT INTO ARTISTA (ID_SPOTIFY, NOME, FOTO, POPULARIDADE) VALUES ('6DPYiyq5kWVQS4RGwxzPC7', 'Dr Dre', 'https://theentreacordes.files.wordpress.com/2020/02/drdre-rap-reproducao.jpg?w=1024', 15);
INSERT INTO ARTISTA (ID_SPOTIFY, NOME, FOTO, POPULARIDADE) VALUES ('64tNsm6TnZe2zpcMVMOoHL', 'Alice In Chains', 'https://s1.dmcdn.net/v/8-6NI1VaMfC6RPWgf/x720', 20);
INSERT INTO ARTISTA (ID_SPOTIFY, NOME, FOTO, POPULARIDADE) VALUES ('06HL4z0CvFAxyc27GXpf02', 'Taylor Swift', 'https://classic.exame.com/wp-content/uploads/2019/10/taylorswift.gif?w=1024', 13);

-- GENERO = {ID_SPOTIFY, DESCRICAO, NOME}
INSERT INTO GENERO (ID_SPOTIFY, DESCRICAO, NOME) VALUES ('1ySR0W1JHhghb2BWdvzRvc', 'A música pop é um gênero da música popular que se originou durante a década de 1950 nos ESTADOs Unidos e Reino Unido.', 'Pop');
INSERT INTO GENERO (ID_SPOTIFY, DESCRICAO, NOME) VALUES ('2HOR0W1JHhghb2BjHUyisa', 'Grunge é um subgênero do rock alternativo que surgiu no final da década de 1980 no ESTADO americANO de Washington, principalmente em Seattle, inspirado pelo hardcore punk, pelo heavy metal e pelo indie rock.', 'Grunge');
INSERT INTO GENERO (ID_SPOTIFY, DESCRICAO, NOME) VALUES ('cGFpc2RqYmlwYXNkYWRqYX', 'Diretamente do mundo dos games, estilo imersivo e emocionante.', 'Games');
INSERT INTO GENERO (ID_SPOTIFY, DESCRICAO, NOME) VALUES ('124UiZC12L3NvdWx3LU0Ew', 'Soul music ou apenas soul é um gênero musical popular que se originou na comunidade afro-americana dos ESTADOs Unidos nos ANOs 1950 e no início dos ANOs 1960.', 'R&B/soul');
INSERT INTO GENERO (ID_SPOTIFY, DESCRICAO, NOME) VALUES ('5sGhiZGykTnNvdWx3PKjjs', 'Rap é um discurso rítmico com rimas e poesias, que surgiu no final do século XX entre as comunidades afro-descendentes nos ESTADOs Unidos.', 'Hip-Hop/Rap');
INSERT INTO GENERO (ID_SPOTIFY, DESCRICAO, NOME) VALUES ('721HfsHhfynNvdWPjfiEfm', 'Electronic dance music, vista principalmente em casas noturnas, ou em um ambiente que é centrado na dança e entretenimento, como clubes, raves ou festas, é uma vertente da música eletrônica, sendo esta produzida para fins comerciais, abrangendo o público de todos os outros gêneros.', 'Eletrônica');

-- ArtisTAGENERO = {ID_ARTISTA, ID_GENERO}
INSERT INTO ARTISTA_GENERO (ID_ARTISTA, ID_GENERO) VALUES ('6olE6TJLqED3rqDCT0FyPh', '2HOR0W1JHhghb2BjHUyisa'); -- Nirvana - Grunge
INSERT INTO ARTISTA_GENERO (ID_ARTISTA, ID_GENERO) VALUES ('2iE18Oxc8YSumAU232n4rW', '124UiZC12L3NvdWx3LU0Ew'); -- Jackson 5 - Soul
INSERT INTO ARTISTA_GENERO (ID_ARTISTA, ID_GENERO) VALUES ('1DX1cbeKQkRJClf4TMmXIn', '721HfsHhfynNvdWPjfiEfm'); -- Groove Delight - Eletronica
INSERT INTO ARTISTA_GENERO (ID_ARTISTA, ID_GENERO) VALUES ('6DPYiyq5kWVQS4RGwxzPC7', '5sGhiZGykTnNvdWx3PKjjs'); -- Dr Dre - Rap 
INSERT INTO ARTISTA_GENERO (ID_ARTISTA, ID_GENERO) VALUES ('64tNsm6TnZe2zpcMVMOoHL', '2HOR0W1JHhghb2BjHUyisa'); -- Alice In Chains - Grunge
INSERT INTO ARTISTA_GENERO (ID_ARTISTA, ID_GENERO) VALUES ('06HL4z0CvFAxyc27GXpf02', '1ySR0W1JHhghb2BWdvzRvc'); -- Taylor - Pop

-- AlbumArtista = {ID_ALBUM, ID_ARTISTA}
INSERT INTO ALBUM_ARTISTA (ID_ALBUM, ID_ARTISTA) VALUES ('1T2rIUuBCtFB8txD7WqD3B', '1DX1cbeKQkRJClf4TMmXIn'); -- San Andreas - The groove Delight
INSERT INTO ALBUM_ARTISTA (ID_ALBUM, ID_ARTISTA) VALUES ('1ySR0W1hHxPDKCBWdvzRvc', '6olE6TJLqED3rqDCT0FyPh'); -- Nevermind - Nirvana
INSERT INTO ALBUM_ARTISTA (ID_ALBUM, ID_ARTISTA) VALUES ('2tukc7pH4qTuXcfaHjLIBc', '2iE18Oxc8YSumAU232n4rW'); -- ABC - The Jackson 5
INSERT INTO ALBUM_ARTISTA (ID_ALBUM, ID_ARTISTA) VALUES ('7q2B4M5EiBkqrlsNW8lB7N', '6DPYiyq5kWVQS4RGwxzPC7'); -- 2001 - Dr Dre
INSERT INTO ALBUM_ARTISTA (ID_ALBUM, ID_ARTISTA) VALUES ('58NXIEYqmq5dQHg9nV9duM', '64tNsm6TnZe2zpcMVMOoHL'); -- Dirt - Alice In Chains
INSERT INTO ALBUM_ARTISTA (ID_ALBUM, ID_ARTISTA) VALUES ('6kZ42qRrzov54LcAk4onW9', '06HL4z0CvFAxyc27GXpf02'); -- Red - Taylor Swift

-- AlbumGENERO = {ID_ARTISTA, ID_GENERO}
INSERT INTO album_GENERO (ID_ALBUM, ID_GENERO) VALUES ('1T2rIUuBCtFB8txD7WqD3B', '721HfsHhfynNvdWPjfiEfm'); -- San Andreas - Eletronica
INSERT INTO album_GENERO (ID_ALBUM, ID_GENERO) VALUES ('1ySR0W1hHxPDKCBWdvzRvc', '2HOR0W1JHhghb2BjHUyisa'); -- Nevermind - Grunge
INSERT INTO album_GENERO (ID_ALBUM, ID_GENERO) VALUES ('2tukc7pH4qTuXcfaHjLIBc', '124UiZC12L3NvdWx3LU0Ew'); -- ABC - Soul
INSERT INTO album_GENERO (ID_ALBUM, ID_GENERO) VALUES ('7q2B4M5EiBkqrlsNW8lB7N', '5sGhiZGykTnNvdWx3PKjjs'); -- 2001 - Rap
INSERT INTO album_GENERO (ID_ALBUM, ID_GENERO) VALUES ('58NXIEYqmq5dQHg9nV9duM', '2HOR0W1JHhghb2BjHUyisa'); -- Dirt - Grunge
INSERT INTO album_GENERO (ID_ALBUM, ID_GENERO) VALUES ('6kZ42qRrzov54LcAk4onW9', '1ySR0W1JHhghb2BWdvzRvc'); -- Red - Pop

-- Achievement = {NOME, DESCRICAO, reward, ativo}
-- Por Album
INSERT INTO ACHIEVEMENT (NOME, DESCRICAO, reward, ativo) VALUES ('Agaragã', 'Ouviu o soundtrack de GTA San Andreas', 521, TRUE);
INSERT INTO ACHIEVEMENT (NOME, DESCRICAO, reward, ativo) VALUES ('Achieving Nirvana!', 'Ouviu o álbum Nevermind', 166, TRUE);
INSERT INTO ACHIEVEMENT (NOME, DESCRICAO, reward, ativo) VALUES ('Get Fived', 'Ouviu ABC dos Jackson Five', 512, TRUE);
INSERT INTO ACHIEVEMENT (NOME, DESCRICAO, reward, ativo) VALUES ('Light It Up', 'Ouviu 2001 do Dr DRE', 420, TRUE);
-- Por GENERO
INSERT INTO ACHIEVEMENT (NOME, DESCRICAO, reward, ativo) VALUES ('Frying Vocals', 'Ouviu 15 albums de Grunge.', 384, TRUE);
INSERT INTO ACHIEVEMENT (NOME, DESCRICAO, reward, ativo) VALUES ('Popstar', 'Ouviu 20 albums de Pop.', 197, FALSE);
INSERT INTO ACHIEVEMENT (NOME, DESCRICAO, reward, ativo) VALUES ('You Rap!', 'Ouviu 12 albums de Rap.', 1000, TRUE);

-- AchievementAlbum = {NOME, ID_ALBUM}  
INSERT INTO ACHIEVEMENT_POR_ALBUM (NOME, ID_ALBUM) VALUES('Agaragã', '1T2rIUuBCtFB8txD7WqD3B');
INSERT INTO ACHIEVEMENT_POR_ALBUM (NOME, ID_ALBUM) VALUES('Achieving Nirvana!', '1ySR0W1hHxPDKCBWdvzRvc'); 
INSERT INTO ACHIEVEMENT_POR_ALBUM (NOME, ID_ALBUM) VALUES('Get Fived', '2tukc7pH4qTuXcfaHjLIBc');
INSERT INTO ACHIEVEMENT_POR_ALBUM (NOME, ID_ALBUM) VALUES('Light It Up', '7q2B4M5EiBkqrlsNW8lB7N');

-- AchievementGENERO = {NOME, ID_GENERO, QUANTIDADE}
INSERT INTO ACHIEVEMENT_POR_GENERO (NOME, ID_GENERO, QUANTIDADE) VALUES ('Frying Vocals', '2HOR0W1JHhghb2BjHUyisa', 15);
INSERT INTO ACHIEVEMENT_POR_GENERO (NOME, ID_GENERO, QUANTIDADE) VALUES ('Popstar', '1ySR0W1JHhghb2BWdvzRvc', 20);
INSERT INTO ACHIEVEMENT_POR_GENERO (NOME, ID_GENERO, QUANTIDADE) VALUES ('You Rap!', '5sGhiZGykTnNvdWx3PKjjs', 12);

-- AchievementUsuario = {TAG_USUARIO, NOME}
INSERT INTO ACHIEVEMENT_USUARIO (TAG_USUARIO, NOME) VALUES ('ocramoi', 'Agaragã');
INSERT INTO ACHIEVEMENT_USUARIO (TAG_USUARIO, NOME) VALUES ('ocramoi', 'Light It Up');
INSERT INTO ACHIEVEMENT_USUARIO (TAG_USUARIO, NOME) VALUES ('skywer', 'Popstar');
INSERT INTO ACHIEVEMENT_USUARIO (TAG_USUARIO, NOME) VALUES ('skylyier', 'Frying Vocals');
INSERT INTO ACHIEVEMENT_USUARIO (TAG_USUARIO, NOME) VALUES ('skylyier', 'Achieving Nirvana!');
INSERT INTO ACHIEVEMENT_USUARIO (TAG_USUARIO, NOME) VALUES ('lightclawn', 'You Rap!');
INSERT INTO ACHIEVEMENT_USUARIO (TAG_USUARIO, NOME) VALUES ('lightclawn', 'Popstar');
INSERT INTO ACHIEVEMENT_USUARIO (TAG_USUARIO, NOME) VALUES ('lightclawn', 'Frying Vocals');
INSERT INTO ACHIEVEMENT_USUARIO (TAG_USUARIO, NOME) VALUES ('random', 'Popstar');

-- Lista = {TAG_USUARIO, N_LISTA, EDITAVEL}
INSERT INTO LISTA (TAG_USUARIO, N_LISTA, EDITAVEL) VALUES ('ocramoi', 1, FALSE);
INSERT INTO LISTA (TAG_USUARIO, N_LISTA, EDITAVEL) VALUES ('ocramoi', 2, FALSE);
INSERT INTO LISTA (TAG_USUARIO, N_LISTA, EDITAVEL) VALUES ('ocramoi', 3, TRUE);
INSERT INTO LISTA (TAG_USUARIO, N_LISTA, EDITAVEL) VALUES ('skywer', 1, FALSE);
INSERT INTO LISTA (TAG_USUARIO, N_LISTA, EDITAVEL) VALUES ('skywer', 2, FALSE);
INSERT INTO LISTA (TAG_USUARIO, N_LISTA, EDITAVEL) VALUES ('skywer', 3, TRUE);
INSERT INTO LISTA (TAG_USUARIO, N_LISTA, EDITAVEL) VALUES ('skylyier', 1, FALSE);
INSERT INTO LISTA (TAG_USUARIO, N_LISTA, EDITAVEL) VALUES ('skylyier', 2, FALSE);
INSERT INTO LISTA (TAG_USUARIO, N_LISTA, EDITAVEL) VALUES ('lightclawn', 1, FALSE);
INSERT INTO LISTA (TAG_USUARIO, N_LISTA, EDITAVEL) VALUES ('lightclawn', 2, FALSE);
INSERT INTO LISTA (TAG_USUARIO, N_LISTA, EDITAVEL) VALUES ('lightclawn', 3, TRUE);
INSERT INTO LISTA (TAG_USUARIO, N_LISTA, EDITAVEL) VALUES ('lightclawn', 4, TRUE);
INSERT INTO LISTA (TAG_USUARIO, N_LISTA, EDITAVEL) VALUES ('random', 1, FALSE);
INSERT INTO LISTA (TAG_USUARIO, N_LISTA, EDITAVEL) VALUES ('random', 2, FALSE);

-- lista_EDITAVEL = {TAG_USUARIO, N_LISTA, NOME, CAPA, DESCRICAO}
INSERT INTO LISTA_EDITAVEL (TAG_USUARIO, N_LISTA, NOME, CAPA, DESCRICAO) VALUES ('ocramoi', 3, 'Musicas Para Virar Trabalhando', 'https://i.ytimg.com/vi/5qap5aO4i9A/maxresdefault.jpg', 'NOME autodescritivo');
INSERT INTO LISTA_EDITAVEL (TAG_USUARIO, N_LISTA, NOME, CAPA, DESCRICAO) VALUES ('skywer', 3, 'Cade minhas capivarinhas', 'https://pm1.narvii.com/6533/ffae274b4d5819df2813ef2349505d712a833f34_hq.jpg', 'meus capop (´｡• ᵕ •｡`)');
INSERT INTO LISTA_EDITAVEL (TAG_USUARIO, N_LISTA, NOME, CAPA, DESCRICAO) VALUES ('lightclawn', 3, 'Loufai', 'https://i.ytimg.com/vi/UMhOGEo8O5A/maxresdefault.jpg', 'Pra enquanto eu tiver estudando');
INSERT INTO LISTA_EDITAVEL (TAG_USUARIO, N_LISTA, NOME, CAPA, DESCRICAO) VALUES ('lightclawn', 4, 'FunkARAM', 'https://c.tenor.com/BBxMYt9RQtwAAAAC/aramzinho.gif', 'funkzinho da massa pro aramzinho, aceitas?');

-- lista_padrao = {TAG_USUARIO, N_LISTA, ouvidos}
INSERT INTO LISTA_PADRAO (TAG_USUARIO, N_LISTA, OUVIDOS) VALUES ('lightclawn', 1, TRUE);
INSERT INTO LISTA_PADRAO (TAG_USUARIO, N_LISTA, OUVIDOS) VALUES ('lightclawn', 2, FALSE);
INSERT INTO LISTA_PADRAO (TAG_USUARIO, N_LISTA, OUVIDOS) VALUES ('ocramoi', 1, TRUE);
INSERT INTO LISTA_PADRAO (TAG_USUARIO, N_LISTA, OUVIDOS) VALUES ('ocramoi', 2, FALSE);
INSERT INTO LISTA_PADRAO (TAG_USUARIO, N_LISTA, OUVIDOS) VALUES ('skywer', 1, TRUE);
INSERT INTO LISTA_PADRAO (TAG_USUARIO, N_LISTA, OUVIDOS) VALUES ('skywer', 2, FALSE);
INSERT INTO LISTA_PADRAO (TAG_USUARIO, N_LISTA, OUVIDOS) VALUES ('skylyier', 1, TRUE);
INSERT INTO LISTA_PADRAO (TAG_USUARIO, N_LISTA, OUVIDOS) VALUES ('skylyier', 2, FALSE);
INSERT INTO LISTA_PADRAO (TAG_USUARIO, N_LISTA, OUVIDOS) VALUES ('random', 1, TRUE);
INSERT INTO LISTA_PADRAO (TAG_USUARIO, N_LISTA, OUVIDOS) VALUES ('random', 2, FALSE);

-- edicao = {TAG, N_LISTA, TIMESTAMP, MODIFICACAO}
INSERT INTO EDICAO (TAG_USUARIO, N_LISTA, TIMESTAMP, MODIFICACAO) VALUES ('ocramoi', 3, DEFAULT, 'C');
INSERT INTO EDICAO (TAG_USUARIO, N_LISTA, TIMESTAMP, MODIFICACAO) VALUES ('skywer', 3, DEFAULT, 'C');
INSERT INTO EDICAO (TAG_USUARIO, N_LISTA, TIMESTAMP, MODIFICACAO) VALUES ('lightclawn', 3, DEFAULT, 'C');
INSERT INTO EDICAO (TAG_USUARIO, N_LISTA, TIMESTAMP, MODIFICACAO) VALUES ('lightclawn', 4, DEFAULT, 'C');

-- album_lista = {TAG_USUARIO, N_LISTA, ID_ALBUM}
INSERT INTO ALBUM_LISTA (TAG_USUARIO, N_LISTA, ID_ALBUM) VALUES ('ocramoi', 1, '1ySR0W1hHxPDKCBWdvzRvc');
INSERT INTO ALBUM_LISTA (TAG_USUARIO, N_LISTA, ID_ALBUM) VALUES ('ocramoi', 1, '6kZ42qRrzov54LcAk4onW9');
INSERT INTO ALBUM_LISTA (TAG_USUARIO, N_LISTA, ID_ALBUM) VALUES ('ocramoi', 1, '2tukc7pH4qTuXcfaHjLIBc');
INSERT INTO ALBUM_LISTA (TAG_USUARIO, N_LISTA, ID_ALBUM) VALUES ('ocramoi', 2, '7q2B4M5EiBkqrlsNW8lB7N');
INSERT INTO ALBUM_LISTA (TAG_USUARIO, N_LISTA, ID_ALBUM) VALUES ('ocramoi', 2, '1T2rIUuBCtFB8txD7WqD3B');
INSERT INTO ALBUM_LISTA (TAG_USUARIO, N_LISTA, ID_ALBUM) VALUES ('ocramoi', 3, '6kZ42qRrzov54LcAk4onW9');
INSERT INTO ALBUM_LISTA (TAG_USUARIO, N_LISTA, ID_ALBUM) VALUES ('ocramoi', 3, '1T2rIUuBCtFB8txD7WqD3B');
INSERT INTO ALBUM_LISTA (TAG_USUARIO, N_LISTA, ID_ALBUM) VALUES ('ocramoi', 3, '58NXIEYqmq5dQHg9nV9duM');
INSERT INTO ALBUM_LISTA (TAG_USUARIO, N_LISTA, ID_ALBUM) VALUES ('skywer', 1, '58NXIEYqmq5dQHg9nV9duM');
INSERT INTO ALBUM_LISTA (TAG_USUARIO, N_LISTA, ID_ALBUM) VALUES ('skywer', 1, '6kZ42qRrzov54LcAk4onW9');
INSERT INTO ALBUM_LISTA (TAG_USUARIO, N_LISTA, ID_ALBUM) VALUES ('skywer', 1, '1ySR0W1hHxPDKCBWdvzRvc');
INSERT INTO ALBUM_LISTA (TAG_USUARIO, N_LISTA, ID_ALBUM) VALUES ('skywer', 2, '2tukc7pH4qTuXcfaHjLIBc');
INSERT INTO ALBUM_LISTA (TAG_USUARIO, N_LISTA, ID_ALBUM) VALUES ('skywer', 2, '1T2rIUuBCtFB8txD7WqD3B');
INSERT INTO ALBUM_LISTA (TAG_USUARIO, N_LISTA, ID_ALBUM) VALUES ('skywer', 3, '2tukc7pH4qTuXcfaHjLIBc');
INSERT INTO ALBUM_LISTA (TAG_USUARIO, N_LISTA, ID_ALBUM) VALUES ('skywer', 3, '1T2rIUuBCtFB8txD7WqD3B');
INSERT INTO ALBUM_LISTA (TAG_USUARIO, N_LISTA, ID_ALBUM) VALUES ('skywer', 3, '58NXIEYqmq5dQHg9nV9duM');
INSERT INTO ALBUM_LISTA (TAG_USUARIO, N_LISTA, ID_ALBUM) VALUES ('skylyier', 1, '7q2B4M5EiBkqrlsNW8lB7N');
INSERT INTO ALBUM_LISTA (TAG_USUARIO, N_LISTA, ID_ALBUM) VALUES ('skylyier', 1, '1T2rIUuBCtFB8txD7WqD3B');
INSERT INTO ALBUM_LISTA (TAG_USUARIO, N_LISTA, ID_ALBUM) VALUES ('skylyier', 2, '2tukc7pH4qTuXcfaHjLIBc');
INSERT INTO ALBUM_LISTA (TAG_USUARIO, N_LISTA, ID_ALBUM) VALUES ('skylyier', 2, '1ySR0W1hHxPDKCBWdvzRvc');
INSERT INTO ALBUM_LISTA (TAG_USUARIO, N_LISTA, ID_ALBUM) VALUES ('skylyier', 2, '6kZ42qRrzov54LcAk4onW9');
INSERT INTO ALBUM_LISTA (TAG_USUARIO, N_LISTA, ID_ALBUM) VALUES ('random', 1, '2tukc7pH4qTuXcfaHjLIBc');
INSERT INTO ALBUM_LISTA (TAG_USUARIO, N_LISTA, ID_ALBUM) VALUES ('random', 1, '1T2rIUuBCtFB8txD7WqD3B');
INSERT INTO ALBUM_LISTA (TAG_USUARIO, N_LISTA, ID_ALBUM) VALUES ('random', 2, '1ySR0W1hHxPDKCBWdvzRvc');
INSERT INTO ALBUM_LISTA (TAG_USUARIO, N_LISTA, ID_ALBUM) VALUES ('random', 2, '6kZ42qRrzov54LcAk4onW9');
INSERT INTO ALBUM_LISTA (TAG_USUARIO, N_LISTA, ID_ALBUM) VALUES ('lightclawn', 1, '1ySR0W1hHxPDKCBWdvzRvc');
INSERT INTO ALBUM_LISTA (TAG_USUARIO, N_LISTA, ID_ALBUM) VALUES ('lightclawn', 1, '6kZ42qRrzov54LcAk4onW9');
INSERT INTO ALBUM_LISTA (TAG_USUARIO, N_LISTA, ID_ALBUM) VALUES ('lightclawn', 2, '2tukc7pH4qTuXcfaHjLIBc');
INSERT INTO ALBUM_LISTA (TAG_USUARIO, N_LISTA, ID_ALBUM) VALUES ('lightclawn', 2, '58NXIEYqmq5dQHg9nV9duM');
INSERT INTO ALBUM_LISTA (TAG_USUARIO, N_LISTA, ID_ALBUM) VALUES ('lightclawn', 3, '6kZ42qRrzov54LcAk4onW9');
INSERT INTO ALBUM_LISTA (TAG_USUARIO, N_LISTA, ID_ALBUM) VALUES ('lightclawn', 3, '1ySR0W1hHxPDKCBWdvzRvc');
INSERT INTO ALBUM_LISTA (TAG_USUARIO, N_LISTA, ID_ALBUM) VALUES ('lightclawn', 3, '1T2rIUuBCtFB8txD7WqD3B');
INSERT INTO ALBUM_LISTA (TAG_USUARIO, N_LISTA, ID_ALBUM) VALUES ('lightclawn', 4, '6kZ42qRrzov54LcAk4onW9');
INSERT INTO ALBUM_LISTA (TAG_USUARIO, N_LISTA, ID_ALBUM) VALUES ('lightclawn', 4, '1T2rIUuBCtFB8txD7WqD3B');
INSERT INTO ALBUM_LISTA (TAG_USUARIO, N_LISTA, ID_ALBUM) VALUES ('lightclawn', 4, '2tukc7pH4qTuXcfaHjLIBc');

-- AvaliACAO = {TAG_USUARIO, ID_ALBUM, TIMESTAMP, ESTRELAS, LIKES, DISLIKES, COMENTARIO}
INSERT INTO AVALIACAO (TAG_USUARIO, ID_ALBUM, TIMESTAMP, ESTRELAS, LIKES, DISLIKES, COMENTARIO) VALUES ('ocramoi', '1ySR0W1hHxPDKCBWdvzRvc', DEFAULT, 4, 2, 1, 'album do bebe pelado');
INSERT INTO AVALIACAO (TAG_USUARIO, ID_ALBUM, TIMESTAMP, ESTRELAS, LIKES, DISLIKES, COMENTARIO) VALUES ('skywer', '6kZ42qRrzov54LcAk4onW9', DEFAULT, 5, 5, 0, 'perfeitooooo (ﾉ◕ヮ◕)ﾉ*:･ﾟ✧');
INSERT INTO AVALIACAO (TAG_USUARIO, ID_ALBUM, TIMESTAMP, ESTRELAS, LIKES, DISLIKES, COMENTARIO) VALUES ('skylyier', '6kZ42qRrzov54LcAk4onW9', DEFAULT, 2, 2, 0, 'gostei nao, mas tem seu valor musical');
INSERT INTO AVALIACAO (TAG_USUARIO, ID_ALBUM, TIMESTAMP, ESTRELAS, LIKES, DISLIKES, COMENTARIO) VALUES ('skylyier', '7q2B4M5EiBkqrlsNW8lB7N', DEFAULT, 5, 3, 0, 'bom demais');

-- Usuario_AvaliACAO = {TAG_USUARIO1, TAG_USUARIO2, ID_ALBUM, ACAO, TIMESTAMP}
INSERT INTO USUARIO_AVALIACAO (TAG_USUARIO1, TAG_USUARIO2, ID_ALBUM, ACAO, TIMESTAMP) VALUES ('skylyier', 'ocramoi', '1ySR0W1hHxPDKCBWdvzRvc', 'L', DEFAULT);
INSERT INTO USUARIO_AVALIACAO (TAG_USUARIO1, TAG_USUARIO2, ID_ALBUM, ACAO, TIMESTAMP) VALUES ('lightclawn', 'ocramoi', '1ySR0W1hHxPDKCBWdvzRvc', 'L', DEFAULT);
INSERT INTO USUARIO_AVALIACAO (TAG_USUARIO1, TAG_USUARIO2, ID_ALBUM, ACAO, TIMESTAMP) VALUES ('skywer', 'ocramoi', '1ySR0W1hHxPDKCBWdvzRvc', 'D', DEFAULT);
INSERT INTO USUARIO_AVALIACAO (TAG_USUARIO1, TAG_USUARIO2, ID_ALBUM, ACAO, TIMESTAMP) VALUES ('random', 'skylyier', '7q2B4M5EiBkqrlsNW8lB7N', 'L', DEFAULT);
INSERT INTO USUARIO_AVALIACAO (TAG_USUARIO1, TAG_USUARIO2, ID_ALBUM, ACAO, TIMESTAMP) VALUES ('lightclawn', 'skylyier', '7q2B4M5EiBkqrlsNW8lB7N', 'L', DEFAULT);
INSERT INTO USUARIO_AVALIACAO (TAG_USUARIO1, TAG_USUARIO2, ID_ALBUM, ACAO, TIMESTAMP) VALUES ('skywer', 'skylyier', '7q2B4M5EiBkqrlsNW8lB7N', 'L', DEFAULT);
